0.3304353575088427,0.32492060839043957,0.27050573735656613,0.27171195652173913,0.3566666666666667,0.29593554593554594,0.3995365204703459,0.3167310167310167,0.2356,0.30117753623188404
0.21262500000000004,0.259875,0.31589171974522295,0.2862575626620571,0.25384737426622245,0.34829268292682924,0.3494669436969924,0.33162887707730604,0.28164916461167605,0.3214102637124794
0.32948777111213656,0.3070328526377024,0.3546401515151515,0.3123827392120075,0.3324829931972789,0.3162771739130435,0.3173076923076923,0.3600874794969929,0.2719337016574586,0.35477267830209014
0.30967741935483867,0.30282331511839705,0.3104508196721312,0.31006211180124227,0.2502030456852792,0.32710188580408595,0.34782608695652173,0.33798674959437536,0.30972868217054267,0.3228397460810986
0.24342500000000003,0.30733733271804337,0.28456959706959706,0.33223888543792707,0.31160954948016945,0.3073870573870574,0.3202911737943585,0.32675611681136546,0.3113112798945452,0.274608938547486
0.32015392015392014,0.30072296569758494,0.3170933113129644,0.3265917602996255,0.24009999999999998,0.31028169466482514,0.3274385189278807,0.3430592396109638,0.3075086805555556,0.35600000000000004
0.31074999999999997,0.266296176975945,0.3524941126097196,0.2863288307665835,0.2985604956268222,0.35859375,0.31632387399114814,0.3223949337938975,0.3012372243141474,0.35519125683060104
0.3318730917297225,0.2890449769802857,0.3673408685306365,0.2668032786885246,0.30346368715083805,0.3081818181818181,0.32518562323411526,0.3638657305835893,0.3037071362372567,0.3051
0.27745714285714285,0.32693062827225133,0.2876011560693642,0.29686386315039204,0.333772832518652,0.3392164864313405,0.3267127799736495,0.33601466245799816,0.26775,0.30988023952095806
0.2522,0.335042735042735,0.27949945410262866,0.3246224941421505,0.3131074168797954,0.35648624667258205,0.28917277112738965,0.3612973224318984,0.2943413173652694,0.3113625031164299
0.2623157894736842,0.37198959785926955,0.3141069508260827,0.32232445520581116,0.2776666666666667,0.3753767329716697,0.307797537619699,0.41206926557605295,0.2727272727272727,0.35115566694514055
0.31907558733401425,0.34986655575196696,0.28798503973819545,0.2753374233128834,0.33498499546374483,0.298698578908003,0.3517630765952914,0.3224261771747805,0.3160919540229885,0.31008039579468155
0.31411764705882356,0.2999076638965836,0.33083005260197834,0.32818287037037036,0.2223,0.29317365269461076,0.32291192720181994,0.38047564250095894,0.2885207100591716,0.38909090909090904
0.25457142857142856,0.3566761363636364,0.29080692704495215,0.3268421052631579,0.3509439278670048,0.28881498337125855,0.30933333333333335,0.3791334966319657,0.3098360655737705,0.3529900332225913
0.2909883720930233,0.31734758013827785,0.36759602728251767,0.3221050543783676,0.38377192982456143,0.2661726242371404,0.35817760394031584,0.4001061831250511,0.2698378378378379,0.33119217200292883
0.3155844155844156,0.2878748370273794,0.31046953726314486,0.2576388097138297,0.3416279069767441,0.3001343312224141,0.3132,0.3126255020080322,0.32888091440723016,0.3325
0.27921787709497203,0.3532727400831396,0.3077922077922078,0.28061224489795916,0.3145402385625849,0.26180555555555557,0.30422569614069367,0.3338695013637317,0.27852272727272726,0.3673375679191857
0.356636917410398,0.31875,0.32227600047219934,0.3131014063656551,0.3369730057628147,0.2856857142857143,0.3034446570775974,0.32131812910707375,0.27525252525252525,0.24509999999999998
0.25375000000000003,0.33296337402885684,0.36732669630065024,0.34099066762383345,0.34425,0.2950572366669625,0.30728164380160156,0.3525641025641026,0.3162202380952381,0.2746545360913226
0.36781609195402304,0.3673990077958894,0.2985645933014354,0.3571455037237394,0.3719710401891253,0.2970639032815198,0.3523809523809524,0.3608553608553608,0.3547826086956522,0.26822392267418443
0.3391860623383694,0.37267080745341613,0.34901960784313724,0.35000875810124366,0.37972383720930236,0.35142764086418415,0.2860422405876952,0.34362934362934366,0.32941176470588235,0.2693333333333333
0.26995633907241123,0.32360041759102176,0.3229809691348153,0.331010101010101,0.33244881244881247,0.24862499999999998,0.3434917355371901,0.3160309815152304,0.336551724137931,0.32710144927536233
0.23017500000000002,0.4161825337331334,0.2883802816901409,0.29531250000000003,0.3901942355889724,0.24300000000000002,0.28325581395348837,0.34026037315511,0.29302325581395344,0.2659217877094972
0.33234482758620687,0.40220363191185476,0.3113822497075046,0.31788079470198677,0.3428820847748068,0.2957784431137725,0.3602315287708546,0.28052949943017447,0.3403077565798635,0.3820322886989554
0.350140056022409,0.352695652173913,0.2630601092896175,0.3735144312393888,0.3725113122171946,0.32923961327410506,0.3520473676701384,0.26850828729281767,0.36387264457439894,0.3708609271523179
0.3031132075471698,0.357347055460263,0.25447086050915213,0.27818181818181814,0.3183695652173913,0.32307223407497715,0.3636585365853659,0.3767541183648566,0.3358319327731092,0.3466952264381885
0.28391959798994976,0.3229782097706626,0.31386206896551727,0.35256410256410253,0.35591026747195853,0.3356617647058824,0.2961607142857143,0.3419484478935698,0.3090705487122061,0.2874782891880156
0.33532322426177175,0.30209471766848817,0.3333333333333333,0.3191883116883117,0.31402362402613726,0.30093373493975906,0.37121986851716576,0.24528901734104047,0.26838709677419353,0.35272101205180023
0.29771523178807946,0.35425000000000006,0.3148136645962733,0.2425,0.30030674846625766,0.3024563118660638,0.31868131868131866,0.2853795688847235,0.3099738296016284,0.29054761074293683
0.3085714285714286,0.2618684210526316,0.233359375,0.2993548387096774,0.3544163019301141,0.2651288356677002,0.31594230344348706,0.3758328627893845,0.280735294117647,0.33223684210526316
0.32130000000000003,0.2869565217391304,0.3004807692307692,0.25758697261287933,0.31793548387096776,0.24443827176081412,0.3686094069529653,0.36538022379538715,0.30978733988309914,0.36260036260036255
0.24224999999999997,0.2861271676300578,0.3543566992014197,0.3113839285714286,0.3366780821917808,0.31600114909508764,0.37797208160760853,0.31729304215337734,0.28464387464387464,0.3137755102040816
0.33930041152263374,0.29925531914893616,0.38089802130898026,0.3394648829431438,0.34881284916201116,0.28280683876811596,0.3037593984962406,0.3277141369435043,0.32489891743837224,0.3254437869822485
0.1952,0.3381102362204724,0.3037592636863495,0.379129642287537,0.36159156976744183,0.386069178652086,0.36149068322981365,0.28187042842215254,0.3331550802139038,0.3119512576159975
0.43508906830706134,0.32123257427616225,0.28809523809523807,0.32596122247781795,0.25703125,0.3828462998102467,0.26273684210526316,0.34534690486082265,0.2673575129533679,0.2825
0.38418158748061476,0.30272727272727273,0.28754062256600327,0.3149078726968174,0.3423288529841911,0.3076424870466321,0.3727326791555159,0.35575447570332475,0.255,0.27066666666666667
0.42662162162162165,0.34492895639392457,0.243,0.30107526881720426,0.32758620689655177,0.35497159090909086,0.30440251572327043,0.3359548296027424,0.30563852483998777,0.29173652694610774
0.35217086834733896,0.3412343470483005,0.31386206896551727,0.34941151744430426,0.3225,0.40025875313333875,0.24745,0.3313686313686314,0.2875647668393782,0.28351309707241906
0.410482374768089,0.3208794001779134,0.2938719512195122,0.20502499999999999,0.3844512195121951,0.34086648983200707,0.2876923076923077,0.33573946617424877,0.2904255319148936,0.372
0.39909638554216864,0.34836995038979446,0.3324022346368715,0.34551495016611294,0.3397026172374352,0.22962616822429904,0.38016896398399286,0.32341379310344825,0.27397883718284216,0.3038697788697789
0.4327540106951871,0.3248816101026046,0.32283057851239677,0.3792301829268292,0.32748091603053436,0.29114676173499704,0.3238315356959425,0.3532583954897223,0.17325000000000002,0.309296838131194
0.38095238095238093,0.29088836271156715,0.3331520869982409,0.2885918674698795,0.26894594594594595,0.236775,0.2744556113902848,0.34838709677419355,0.25680000000000003,0.39327132396596076
0.3388151174668029,0.27624277456647395,0.3288179746011071,0.3184632882598256,0.30626951717511414,0.33492822966507174,0.31473018959649973,0.36921083882111627,0.2824561403508772,0.26285714285714284
0.3632439099599137,0.31954887218045114,0.312975912975913,0.336,0.304555426506646,0.33485571230420513,0.32925170068027215,0.3176391726251277,0.28677648135438116,0.3440860215053763
0.3738535031847134,0.3417602670654102,0.3066298342541437,0.32385704747513794,0.3763996554694229,0.2958284023668639,0.31074999999999997,0.30282331511839705,0.2892059986049756,0.3564213564213564
0.3829787234042553,0.38815993788819875,0.2824561403508772,0.3225337084101271,0.371875,0.32602193419740777,0.28771929824561404,0.3264070680628272,0.4299965600275198,0.3045
0.36327345309381237,0.3193081604769594,0.3325301204819277,0.30833668201910297,0.3519061583577712,0.3661048689138577,0.2648168431300961,0.34877039367924206,0.3016759776536313,0.3687746458302906
0.39572985098541896,0.3146,0.32545074470864904,0.24080000000000001,0.32057944653761206,0.3239669421487603,0.3172,0.3245197068726481,0.3786362758354259,0.3568214285714285
0.35202569169960474,0.3381150381150381,0.32254220456802385,0.3189465283320032,0.32666512488436633,0.34282961739609136,0.3204026845637584,0.38231908525823033,0.3170955882352941,0.3076923076923077
0.41360476663356505,0.31907514450867047,0.2833333333333333,0.34134547006115773,0.3687462775461584,0.35324074074074074,0.3958232931726907,0.3810916179337232,0.4217634073496948,0.2970814316598607
0.41897895883980213,0.3121621621621622,0.29231958762886595,0.3274400262898456,0.3205298013245033,0.35798586703170665,0.3281817894503966,0.4128616024973985,0.4233371843538538,0.3268998399790993
0.27433734939759036,0.32209150326797387,0.3549365102011699,0.36412698412698413,0.3250048990789732,0.3168015230842456,0.3356051703877791,0.1536,0.3557747489239598,0.3093922651933702
0.36422175652505234,0.3293956402558412,0.3453689167974882,0.362583923062965,0.3161408727019587,0.3333669422598642,0.34116402116402117,0.36181210094253574,0.372090395480226,0.3552885646856898
0.33248299319727886,0.3337900794738285,0.36732259988073945,0.2965911639381027,0.3080481036077706,0.33742619431025234,0.2965116279069767,0.29183914843287995,0.3650853889943074,0.3275
0.3983467741935484,0.289,0.3525,0.3397998774760057,0.32105464759959135,0.3541903006239364,0.36233082706766917,0.26905027932960895,0.4258480034349506,0.3843286479770132
0.3933787731256086,0.3064150943396226,0.3771959650912388,0.3153661767488803,0.3756704980842912,0.34320903181662676,0.3204930662557781,0.3249839434810533,0.34270144291736643,0.325
0.40202702702702703,0.32440476190476186,0.35078534031413616,0.3688321585063821,0.38229056203605516,0.35719956694334176,0.33,0.3291164327002477,0.29017241379310343,0.31772250291488535
0.4263881813550688,0.30128669807901415,0.34971098265895956,0.32083333333333336,0.32118758434547906,0.2486,0.3821120374433231,0.3318309859154929,0.37773302646720364,0.32052631578947366
0.44323192730836036,0.3674193548387097,0.34072894673081583,0.2705882352941177,0.34775000000000006,0.33195925459067216,0.3398473282442748,0.41271428571428576,0.33269713711702664,0.34517819706498953
0.45762711864406774,0.366542834627941,0.29213450292397664,0.31611253196930944,0.33973282442748093,0.2933920941606428,0.37866086009798583,0.2890598290598291,0.3576859735800133,0.3856927885171895
0.3613099110821947,0.37636032686572946,0.36388011107919177,0.3968203497615263,0.34083756959573946,0.3567758509955042,0.3736814345991561,0.3806227050183598,0.3733202476219236,0.3446512939849094
0.330735332807156,0.3377611940298508,0.3718206157965194,0.25444481289697213,0.3135066582117945,0.28260869565217395,0.323831544178365,0.2718055555555556,0.3057629143027769,0.2947695035460993
0.48010563380281696,0.3671590665810319,0.32460732984293195,0.2827358490566038,0.3178170144462279,0.34593969954827186,0.2933349034385304,0.41511891755609714,0.3370525180341132,0.36
0.4368553350091012,0.3660768761439902,0.2764166666666667,0.3185960829939888,0.32836263085127393,0.25969613259668506,0.30596877869605144,0.29445783132530123,0.3555477280732652,0.24427437641723354
0.3739000745712155,0.30714285714285716,0.3228986065626404,0.29179331306990886,0.30637499999999995,0.2997109826589595,0.34079754601226997,0.3896939170864006,0.4090112640801001,0.3282568629352992
0.4111430921052631,0.3689732142857143,0.3228889545768056,0.32574670666492767,0.311474358974359,0.3234005258545136,0.3125691349830915,0.3148473282442748,0.4034549564094285,0.3706473214285715
0.41896551724137937,0.296319018404908,0.42643923240938164,0.3716925351071692,0.3468151757744518,0.2828,0.2858231707317073,0.33751044277360065,0.4169692416844038,0.261139896373057
0.36971310263235724,0.3501197467274696,0.2770670391061453,0.37953392577901524,0.34576271186440677,0.2907822041291073,0.27314136125654453,0.2886633706305837,0.3163452397120739,0.3770042112583549
0.34553908747457135,0.2984793714336928,0.3065840481059797,0.3101995211492418,0.375686997963027,0.3414000422973504,0.2847764835739391,0.3811775472849299,0.36036849710982655,0.331124106562703
0.3473980309423347,0.23447499999999996,0.311864406779661,0.3065217391304348,0.3212726743622078,0.29825968163459254,0.3721881390593047,0.3208576872154229,0.38549707602339184,0.36540371789413933
0.364529645148133,0.2863375796178344,0.38104838709677424,0.35268437003896663,0.2592416309693797,0.3240965807810728,0.3704758336455601,0.34144856968959214,0.38284792130945977,0.27638469424510265
0.38771929824561396,0.3707823507601038,0.32642743854084055,0.32722832722832723,0.30761343245321715,0.34076086956521734,0.3933457588134988,0.34732985768634633,0.3540860215053764,0.2937823834196891
0.3734712365997282,0.27841368944386635,0.3995748299319728,0.2983682983682984,0.35622593068035946,0.40527363588347615,0.37913775452166987,0.38220307231172723,0.33264033264033266,0.2910203189862355
0.38885986416428886,0.41002516778523485,0.29395604395604397,0.3184483967616498,0.3321371610845295,0.3246428571428571,0.2954617081626221,0.28431428571428574,0.3069745222929936,0.415201266772231
0.4117021276595745,0.3508110824002297,0.34968067226890753,0.35801928133216476,0.33409090909090905,0.3659265904163863,0.41025641025641024,0.3464743589743589,0.3647041550433123,0.371599203715992
0.42254122874476624,0.3674367850692354,0.30084541062801934,0.2663415993312901,0.3576247810042122,0.305377358490566,0.4592843616066979,0.3377427526034337,0.3726931732933233,0.3965484180249281
0.385926222935044,0.35918095801301003,0.3788541187298666,0.3518545244624044,0.31897909507445593,0.3098827470686767,0.40098889519332087,0.3269230769230769,0.37367097701149427,0.4169169169169169
0.4251717781129546,0.3449064449064449,0.3269268677311256,0.37330623306233063,0.3969063881076738,0.36192774608746525,0.3600709499408751,0.35091809967939375,0.33503536311885457,0.35744277821625886
0.456126734842951,0.41637300081322853,0.412064364841918,0.2700171074403343,0.3635630498533724,0.36923076923076925,0.3556378959604766,0.37812099871959026,0.31910614525139663,0.39959139526499216
0.3200632223649116,0.42902745264949993,0.42603550295857984,0.4232435646928893,0.33480662983425413,0.3303374233128834,0.4440191387559808,0.3480008462026655,0.33653846153846156,0.3961904761904762
0.3353658536585366,0.33701472556894246,0.37650602409638556,0.3867075501752151,0.366992359682633,0.3368481336747069,0.39915966386554624,0.360082304526749,0.35036703429199617,0.401482748788138
0.36017929438982077,0.35765895953757226,0.3793090284405421,0.4005007268615732,0.3719590268886043,0.3134163296258847,0.35898268398268396,0.39111111111111113,0.3194569232305081,0.3275735294117647
0.33780483725286853,0.34087293352701115,0.3932098765432099,0.3038625743772481,0.3723017496023631,0.36699171647268536,0.3740890688259109,0.42449944382647387,0.386986301369863,0.4073268188471733
0.36122093023255814,0.39434768320736113,0.404510655907304,0.4090516709828585,0.327741935483871,0.3444736842105263,0.39412408188779496,0.4272649205667668,0.3479750538959039,0.37449362340585146
0.3691148775894539,0.3186,0.3544690603514133,0.3752262443438914,0.3539988492520138,0.33333333333333337,0.41897895883980213,0.42654109589041095,0.3218220475484827,0.269433962264151
0.3946498819826908,0.30623331763228134,0.3503562082000582,0.3765865312826639,0.385459906117857,0.3152663662867744,0.42582608695652174,0.36531563845050213,0.36222604368665623,0.3758169934640523
0.35614035087719303,0.3456565656565656,0.4396601382488479,0.3886771910724007,0.3840834505391468,0.32020100502512566,0.3967897631608486,0.3722627737226278,0.3141199226305609,0.34917448340313595
0.34834170190274844,0.38889112173947993,0.34471544715447155,0.3512658227848101,0.3879310344827586,0.3483021829076901,0.4327406609195403,0.33904368765049875,0.2768181818181818,0.305910026462805
0.3253221649484536,0.3728070175438596,0.30989583333333337,0.38211382113821135,0.37520110749429414,0.35190034680444476,0.40891719745222926,0.37141176470588233,0.4554326610279766,0.3894230769230769
0.37668364459535936,0.37191036331149496,0.3721111979457407,0.48901665929529703,0.3600161639910363,0.288905325443787,0.3728694016692136,0.35273913043478267,0.3494030898876405,0.31263992835668136
0.3321277878239904,0.3937453829106132,0.33714285714285713,0.386786648207968,0.31136991461577096,0.3833339745316047,0.3825563909774436,0.3478215333054043,0.35801650456822876,0.32521739130434785
0.38139534883720927,0.3877986667665343,0.37431578947368416,0.3559360557618001,0.4160389335590351,0.3939075630252101,0.4428084526244036,0.34509999999999996,0.3561585753656985,0.3470970068517851
0.391160102739726,0.375126050420168,0.43697478991596644,0.4518604651162791,0.3156280271230223,0.33107659630957126,0.41273584905660377,0.3283173734610123,0.36276340357428644,0.31245542371782403
0.3546163613277707,0.4104938271604938,0.3399925632964878,0.35800344234079173,0.39163937584280484,0.3819628647214854,0.45371506475800955,0.35230888904603636,0.3735207100591716,0.36
0.4375,0.328483157265298,0.32811877241929055,0.3094233916656175,0.3646198830409357,0.41054876548273317,0.44912060301507534,0.3163955342902711,0.370172311348782,0.39773895169578627
0.3314092356687898,0.3541106551577756,0.40623213264722696,0.3301010101010101,0.41481481481481486,0.40614700065919573,0.38038884192730343,0.3014893617021277,0.44030542437215875,0.3493975903614458
0.40850453893932154,0.36062717770034847,0.3751256000893156,0.38500963391136794,0.3762306610407877,0.3995854164126326,0.4200626959247648,0.411625,0.4059987631416203,0.335126412049489
0.39359923572963934,0.3362173807290038,0.3402622321714103,0.38547071905114905,0.19367499999999999,0.39439088518843124,0.3748661956754442,0.3303061224489796,0.41587867975022297,0.35710714285714285
0.3076828669612175,0.3877551020408163,0.4048420715087382,0.32065964269354097,0.3809287784047583,0.2906229350633748,0.36772216547497444,0.3844081883946437,0.34321247153617096,0.37905092592592593
0.3785964912280702,0.39148564393788965,0.3633343069957646,0.3676388423287518,0.41641414141414146,0.3600344530577088,0.37545277235998886,0.3843123624145522,0.3229166666666667,0.3313733306757026
0.35373594808326536,0.3795548477609677,0.33275774504824784,0.3802909287340356,0.41236446026865187,0.37644219892919084,0.4107079646017699,0.413416149068323,0.3221899224806202,0.38037735849056603
0.32679802955665027,0.3936512634577676,0.42982918203025056,0.3687860400256284,0.42055843834939466,0.27049180327868855,0.4460215053763441,0.4113898523836412,0.3615327380952381,0.39864460833167237
0.3740566037735849,0.3242149874783279,0.3571219440784658,0.39735772357723576,0.39513026926279887,0.2782183908045977,0.4176053400083438,0.3711832773422919,0.3532450033685156,0.2896011396011396
0.34929006085192693,0.38088642659279776,0.41501103752759383,0.3523684210526316,0.37473374385190344,0.38019951063429325,0.38211867781760256,0.36381475667189955,0.40275387263339074,0.2472
0.3196951857666143,0.3229365158960987,0.34326923076923077,0.4016770136257357,0.3636897983174755,0.3934502923976608,0.3679487179487179,0.4240353873779179,0.3119675330710369,0.40128824476650565
0.39058904739990796,0.3842315369261477,0.3500368459837878,0.37581049218980256,0.3706678566116317,0.40046638165565485,0.414984126984127,0.4156340145451591,0.3738307266332411,0.3767277486910995
0.40624249699879955,0.33183979204432734,0.3935570987654321,0.3658081510207068,0.3526019690576652,0.37638206388206386,0.4335718932986337,0.35323312535450935,0.36087616569073955,0.3779396146260051
0.40230860634866744,0.32748290459133833,0.37283653846153847,0.3383985379721132,0.39653939653939657,0.3193828351012536,0.40807419530823785,0.3923809523809524,0.37012987012987014,0.3835227272727273
0.3273771367521368,0.3719179371353284,0.34340222575516693,0.3822975517890772,0.29088351873162,0.426706827309237,0.41127008032128515,0.3603031396607723,0.43277477239741396,0.35990041853081245
0.3596352864232678,0.35688679245283017,0.3744088281660536,0.38000921234454166,0.3900886565128438,0.3540860215053764,0.3977942347507565,0.2958579881656805,0.3890810276679842,0.3964456596035544
0.4053745721891241,0.3585798816568047,0.28325000000000006,0.37332738626226586,0.3006211180124224,0.4182389937106918,0.39359439016703435,0.38395013634592906,0.29322638146167557,0.3689750692520775
0.3644508670520231,0.33160583941605837,0.41361256544502617,0.3546825396825397,0.4343408249375699,0.3303206202033581,0.44632768361581926,0.36866359447004604,0.34864864864864864,0.41411513859275056
0.3946625816334758,0.31995937023869986,0.35911279731504453,0.39208633093525175,0.3793889648882809,0.35640000000000005,0.39985928705440904,0.42818220519369943,0.3551790281329923,0.3866379310344828
0.37114896701703515,0.3882381066220416,0.3593841642228739,0.36309523809523814,0.40950455005055614,0.3436953764951845,0.40915178571428573,0.37776160145586896,0.3648567119155354,0.3737664473684211
0.31426339634432116,0.3826429980276134,0.40617283950617283,0.3688898869675874,0.37356343214192733,0.3388888888888889,0.42016806722689076,0.3654885351248722,0.3818181818181818,0.37053887749393993
0.3775954010816535,0.4117553360942976,0.3460668509675798,0.38267746913580253,0.3775540641312453,0.3582974137931034,0.39723230490018147,0.3922627080521817,0.3493067467124071,0.3496777808910059
0.3830821917808219,0.32054794520547947,0.36651515151515146,0.414,0.38854404022943345,0.34886733657785085,0.40396247917945116,0.4094509590743185,0.3730769230769231,0.3816496040177709
0.38223217618514366,0.39181455099435913,0.4115295143937191,0.376232741617357,0.34741848762666294,0.3668789808917197,0.4092307692307693,0.366321901651243,0.33727810650887574,0.4158579392938262
0.37775505566916606,0.34232876712328764,0.341796875,0.40350877192982454,0.3647214854111406,0.35456460674157303,0.35204528853177497,0.3636363636363636,0.36,0.3347763347763347
0.38665132336018415,0.38349440098174564,0.336375,0.3488220605797416,0.33962264150943394,0.3635887096774194,0.39225046743843733,0.34731707317073174,0.35020080321285135,0.45448732587348706
0.3025210084033613,0.41442674630827936,0.38831168831168833,0.38018433179723504,0.3542944785276074,0.3724867724867725,0.4368131868131868,0.32280055571710126,0.36097067745197176,0.42961994347661026
0.36968537414965985,0.381244331579902,0.4151721294578438,0.30946969696969695,0.3602396635778348,0.37545167118337847,0.3592765141134558,0.35122336227308604,0.3699019607843137,0.3197821177095789
0.3974742439348621,0.3798979557808384,0.3622706918965766,0.3045729354257783,0.3402789796130283,0.3838494765356175,0.43251082251082246,0.3461210571184996,0.30930651269634324,0.3690104166666667
0.35847229693383537,0.3364864864864865,0.3643988816402609,0.4536826809554082,0.3391607149202288,0.398505603985056,0.3787521730732084,0.3611650485436893,0.38188068914325896,0.3292172739541161
0.35769230769230775,0.32052084637535994,0.4237974683544304,0.4147489936963621,0.3609333704270414,0.36525677551318575,0.35513605191357567,0.41191215087132965,0.336,0.3795066413662239
0.4174081237911025,0.3628530215608867,0.40478138351058995,0.40401430842607317,0.4200952421811318,0.36065693430656937,0.41193729566602394,0.37736706559612176,0.36430960344003815,0.3953120050681026
0.343859649122807,0.38710815047021946,0.3830285982184716,0.44561112646219025,0.3326347305389222,0.40394692359702505,0.3942703387147832,0.40846824408468246,0.33722657304887926,0.36820152390961636
0.33825944170771755,0.4110833064255731,0.41429171920975205,0.3392700729927008,0.3224105461393597,0.3849396217817271,0.37366921577447887,0.3441453876236485,0.3497142857142857,0.3399414902770608
0.40425281954887216,0.39333492594362157,0.33827586206896554,0.4357429718875502,0.3523373117362887,0.4233652106487464,0.3573247265554958,0.39662447257383965,0.41741665610343515,0.41748697162709897
0.3887709365416372,0.32655783522835546,0.33190781658351154,0.43510851564542835,0.40521765977153446,0.47742620104186767,0.416374474053296,0.41233552631578946,0.36199358787525504,0.3613359023763648
0.32844936708860756,0.38565906162358826,0.3925898662740768,0.3889855745059365,0.3723539057841383,0.40997857613711275,0.39995192885470493,0.3749431904256931,0.37351314493522236,0.34860849550115086
0.3507563864706722,0.4473684210526315,0.3500089653935808,0.37334010310888927,0.37256493506493504,0.3967242948134667,0.393875313283208,0.31625,0.3536212172730364,0.4177980132450332
0.249469696969697,0.42666666666666664,0.30876358695652173,0.408123943218906,0.4316416683788782,0.42548818088386436,0.36754414125200646,0.3654913728432108,0.37063867534003553,0.3606882620301565
0.3776119402985074,0.42721847431240273,0.3738738738738739,0.3861640108822386,0.38660961490057894,0.36,0.3899533284205355,0.36302521008403354,0.42695860417379405,0.36572890025575444
0.4266236559139785,0.40639549130115166,0.35779191276692407,0.3428571428571428,0.37369047619047624,0.3940778936677214,0.4217371323529412,0.3714275707481087,0.3165586478586859,0.36900206064174274
0.4971428571428571,0.31603053435114503,0.35643671525472653,0.3813646592165986,0.45365000460278,0.36758263639984073,0.49513947590870666,0.42767295597484273,0.43525641025641026,0.3877032520325204
0.38266606687659316,0.3751144688644689,0.4188736171639289,0.368052668052668,0.3378521066793828,0.3181137475456754,0.4225820962663068,0.33985714285714286,0.37932631091561525,0.3868658574540928
0.3927154706094482,0.40652222470404287,0.3673469387755102,0.39148729567891244,0.365842763549732,0.37744651797906237,0.4593618302227574,0.3551721679617879,0.39513062169312174,0.40316221598991997
0.4097292062427832,0.43088709677419357,0.4459554927587425,0.4239357429718876,0.3936781609195402,0.3338433718180554,0.41365853658536583,0.32254220456802385,0.3696834026223217,0.41785714285714287
0.43461453986382603,0.3933457588134988,0.3919936583432422,0.3701045114739465,0.39620160701241786,0.3677431982775494,0.4041180947802748,0.29724373986669067,0.32379000264480295,0.3095440471131079
0.4424484364604125,0.37689829728485963,0.4294179156500522,0.38569278851718947,0.47,0.3228247162673393,0.3229974968710889,0.4100382291281292,0.3438914027149321,0.29116624295023524
0.37720111214087115,0.36864791288566245,0.285404294198264,0.33076812428078256,0.38189987163029526,0.38378167641325533,0.3692438465518516,0.3751167496886675,0.3501465201465201,0.39991158622352607
0.3876243267680937,0.4191176470588235,0.4075293921454182,0.4456935469593698,0.4106115403583758,0.3446808510638298,0.3633984076780456,0.37598687974369727,0.4076858813700919,0.3777376469684162
0.43272727272727274,0.38990997749437356,0.42760180995475117,0.36752440106477374,0.47355932203389833,0.39845973547631003,0.38,0.42446043165467623,0.3703378507348731,0.3479341410375893
0.4098753595397891,0.37212903225806443,0.48870143149284256,0.37011749761829155,0.3665214233841685,0.3690378748418781,0.44750268528464016,0.43635505936001256,0.38403056498919425,0.36610169491525424
0.4044705294705295,0.3194444444444444,0.37995729103111653,0.3732485041278497,0.3960573476702509,0.40787738958470665,0.406015037593985,0.3929824561403509,0.36508689937198774,0.3528722586314209
0.3395557977926148,0.3754233188195452,0.431989063568011,0.3897024090694379,0.39100722217907896,0.3759469340067086,0.32234432234432236,0.3830740037950664,0.3777626657599456,0.37296657793552207
0.35593803786574874,0.278623595505618,0.44017094017094016,0.3691744699171241,0.3747908533184607,0.40359640359640364,0.36042944785276076,0.38841829662713684,0.4114868853841612,0.4813294043766002
0.4489010989010989,0.37354368932038834,0.37106028151774784,0.3129903209373408,0.3989887640449438,0.36236933797909404,0.3401011935651272,0.3745819397993311,0.4162087912087913,0.3722067039106145
0.4004618569835961,0.36044621749408984,0.38,0.38,0.439317106152806,0.3406935598018401,0.40482954545454547,0.38789682539682535,0.38707317073170733,0.34093567251461987
0.4366029723991507,0.3878794937495147,0.3175375031782355,0.44607843137254904,0.43386603196191775,0.4192307692307693,0.31779133267333054,0.35873015873015873,0.38504562849573154,0.32811893988364577
0.42748401502080585,0.35964285714285715,0.3919748229740362,0.4413245033112583,0.3652941176470589,0.4094514074378467,0.38747191011235954,0.4179454926624738,0.4094224159611032,0.3585282265657364
0.4457690306918676,0.3439219165927241,0.371,0.45344497607655504,0.40625,0.40047653958944285,0.3696311081540622,0.39873417721518983,0.4472483221476511,0.3009554140127389
0.3819950513507101,0.4246713852376137,0.43659156976744184,0.40365046034566304,0.34348757949474723,0.381599259030565,0.274093567251462,0.40664736245750976,0.3518518518518519,0.3273515248796148
0.4329411764705882,0.3950219036240542,0.28988235294117654,0.430622009569378,0.3952702702702703,0.4024499795835034,0.40116845180136324,0.37954859511745737,0.4082625040863027,0.3812154696132597
0.28448529411764706,0.38548405619568965,0.3700029394473839,0.2913924794359577,0.42730161456544147,0.4384421052631579,0.36650731565985806,0.3676169590643275,0.3479966377136453,0.37527272727272726
0.37910447761194027,0.34196926424588603,0.281765859211941,0.5204695966285371,0.40449438202247184,0.3480113636363637,0.3913630229419703,0.385411708710138,0.385,0.38852390852390856
0.29214559386973177,0.378523024795934,0.35569156317830836,0.468592631857938,0.3772290809327846,0.36029946968909227,0.2978571428571428,0.40889423076923076,0.34678436317780575,0.37171052631578944
0.4265349451882664,0.385566037735849,0.3971338353169784,0.45748680211166215,0.3402132782937736,0.46015625,0.42672197083961794,0.3750569276580837,0.3922348484848484,0.391755702053497
0.3781245265868808,0.39293598233995586,0.39504032258064514,0.43303298049164546,0.3555583724172899,0.4446107784431138,0.4502702702702702,0.38709298224991184,0.40183924809593263,0.3811355531514204
0.449901943305402,0.38784292630446476,0.4222851457870973,0.46875,0.33088235294117646,0.3612469247298434,0.3711401646366447,0.33947636858211494,0.4077852348993289,0.3784509202453988
0.3678674629165864,0.351629561232516,0.4671834625322997,0.4092086330935252,0.4021011267492682,0.38625,0.39003676470588233,0.38222222222222224,0.37294497410104344,0.40370806117895247
0.3911764705882353,0.3238598810310641,0.3736753371868978,0.3949447714262678,0.33463733266338874,0.3642439431913116,0.39159265361893664,0.42977338068662274,0.4224425337778558,0.42504041521313707
0.41362167536664174,0.3630816170861937,0.3500459656318507,0.42335115864527634,0.4096474953617811,0.4107488024203715,0.404206280610775,0.38861689106487146,0.43258832011535686,0.3966711761570942
0.37434343434343437,0.40318302387267907,0.33757281553398055,0.3961636017755231,0.42161619541576045,0.37894131185270424,0.41957781456953647,0.41390192587797375,0.35862487231869256,0.3609701071630006
0.3083714740156458,0.37368664743384267,0.3099447513812155,0.40892128785906445,0.40643939393939393,0.45859872611464964,0.378,0.45410628019323673,0.4519129519129519,0.38819007686932216
0.36240671641791045,0.433129904097646,0.3767345399698341,0.4113067732400816,0.3588170865279299,0.39301722104269876,0.40016542597187754,0.42317317317317316,0.35901353120907903,0.4009638554216868
0.4762931034482759,0.4028904352122535,0.385,0.43396971691902564,0.34963366270081336,0.36998229043683584,0.3478846767615873,0.47907682963862747,0.46686746987951805,0.3703812965557932
0.3413654618473896,0.376067101584343,0.38876293454249505,0.3989671610169491,0.34074536900911495,0.34306824946598036,0.401640625,0.4084462653640088,0.35645569620253165,0.3058510638297872
0.3593258426966292,0.40369664634146346,0.44456196016217175,0.4154345474215651,0.38718833908707334,0.4552325581395349,0.38612140871177014,0.41250000000000003,0.4042759961127308,0.4573593273584034
0.3651639344262296,0.39038123167155425,0.44035714285714295,0.377,0.40032057703866963,0.3724989357173265,0.4261055400295906,0.39735772357723576,0.387719298245614,0.39835098213563974
0.40547889610389615,0.4082329317269076,0.4000392156862745,0.4094152998622762,0.40261723009814615,0.4849212447176335,0.40279793581680373,0.4176954732510288,0.4338081273565145,0.4063134864822628
0.4324675324675325,0.29173967459324157,0.41876938553105875,0.4428976888768752,0.3681887366818874,0.43870656370656375,0.37162162162162166,0.4374005305039788,0.41650501813274854,0.43034375807702246
0.4301075268817204,0.42771969238745355,0.3880022014309301,0.4556895396688679,0.37703125,0.3810160427807487,0.3610012697261019,0.4471698113207547,0.4239519427402863,0.41851211072664357
0.38533134772896505,0.37721854304635766,0.4437965371848928,0.358537296037296,0.3861695962912884,0.37501521977352975,0.3486997635933806,0.4557231588287489,0.39449976292081557,0.34857224239834794
0.414902693698452,0.4536306235201263,0.43529975601254794,0.37363180297962906,0.41355457652241934,0.458628841607565,0.34121097119199584,0.3812920837124658,0.39333127508490273,0.3838095238095238
0.41158536585365857,0.3284329883314655,0.44230769230769235,0.3658246120534104,0.32715326567785585,0.4378980891719745,0.336928358595673,0.3777306877287613,0.45483993902439024,0.40285996055226825
0.34803663543530894,0.4262820512820513,0.4092953523238381,0.48093058733791,0.3557312252964427,0.40797646289637135,0.375,0.3540159878188047,0.4029949179501106,0.37322040007208507
0.4063333333333334,0.382638140680314,0.3689793145100408,0.42042992112334227,0.3847110972859476,0.3923162761039375,0.40883435582822086,0.38266253869969036,0.3957777777777778,0.4524937308442463
0.38805528863921945,0.33603306896088186,0.3858472998137803,0.3934817170111288,0.3348520142504796,0.43741935483870964,0.410958904109589,0.3847537589519057,0.382015503875969,0.4353622463858684
0.42717948717948717,0.4036916835699797,0.3934208470073449,0.4570187039486114,0.33899999999999997,0.37382113821138213,0.360766344349834,0.4096591382615217,0.38540822235089744,0.3313686313686314
0.41424418604651164,0.3319617256131413,0.37992845786963436,0.39649999999999996,0.4175054147025099,0.4584694989106754,0.3459861591695502,0.44972972972972974,0.402046783625731,0.38768202434948673
0.4349805812240525,0.3537271976578335,0.3642479213907786,0.4073303979125897,0.37225406840303155,0.4250965929048121,0.343775016532665,0.38180322087692486,0.33537832310838445,0.3752703120173
0.37702780441035477,0.35743402703282556,0.3874053407732164,0.4034549564094285,0.38071104675532524,0.3705823891870403,0.3545374963524949,0.39915796291798233,0.386454035165979,0.40025875313333875
0.37746247654784243,0.3789473684210526,0.3953120050681026,0.3710953429573444,0.3451666666666667,0.4020080321285141,0.37050898203592814,0.3942703387147832,0.3952888924138478,0.4933908045977011
0.45785079450579047,0.4504662792269225,0.4068484258357676,0.3563206024744487,0.44508696839996353,0.3936965811965812,0.3463868003341688,0.3753860774530767,0.3604972375690607,0.3971437740693196
0.3775077381634759,0.39060119535919374,0.3705,0.48779035139964266,0.46112550907071453,0.3931018190408694,0.4092494929006086,0.40462982273201253,0.41130037390943086,0.37376460017969454
0.3783568502503414,0.36180101670297754,0.4267241379310345,0.40990873533246414,0.3610196455658737,0.37955465587044535,0.35,0.41501976284584985,0.4020163831127914,0.3188323201621074
0.43757736516357204,0.4183569979716024,0.3920967741935483,0.3606497402502378,0.3846128215380514,0.35127798343028377,0.37103240280995986,0.41683673469387755,0.4059278920592789,0.4022301871764237
0.41927671940587663,0.39019280754160685,0.4270152505446623,0.32914201183431957,0.3685009628203229,0.4055645161290322,0.3600014054319946,0.3312368972746331,0.3638698630136986,0.3749365011136727
0.3239973701512163,0.396180611749474,0.4145512610547003,0.37249629802821294,0.44136347580360297,0.4566657713313636,0.44607843137254904,0.4351417144844375,0.4043478260869565,0.36410027191120053
0.35820241139934234,0.41308089500860584,0.3786600496277915,0.38649972781709313,0.3814817724701446,0.36495071193866374,0.4126984126984127,0.36017871017871017,0.4230015324851206,0.38551125148045795
0.3102237129386451,0.4121419053964024,0.41011035955856173,0.3203597122302158,0.3832258064516129,0.4398148148148148,0.4023148148148148,0.4474673348845534,0.41924050632911386,0.4037558685446009
0.4118001204093919,0.34748642494307236,0.42921875,0.40054403264195854,0.4386195995785037,0.42917420132610007,0.3800354793406756,0.36630355846042123,0.37434807803747344,0.4286822039374488
0.3850607990735379,0.3311688311688311,0.43980237496749586,0.3835063437139562,0.43871466933685316,0.4027972027972028,0.39327229299363053,0.4358741289010085,0.3931386743886744,0.43211172102034223
0.39795657726692213,0.4044343744942548,0.4374836401710147,0.3959657598101534,0.35021142024659774,0.3952049809978167,0.42311802676014193,0.40352164343360236,0.34060104052573936,0.3006424792139078
0.4050346077785102,0.3121699734416497,0.4445547362450369,0.394296875,0.4466687519549578,0.43405067684831655,0.4865378987415862,0.3651268416971308,0.3773599298218849,0.4108439296655336
0.4054860600114463,0.37676056338028174,0.41821946169772256,0.4807049224184056,0.32127586206896547,0.3436460643015521,0.3889460357651527,0.45698596705308114,0.44182169182169184,0.40595404934811236
0.422613531047266,0.4001524390243902,0.4513221974420827,0.3933975788467665,0.3816216644231531,0.4026910918375618,0.44952447430416187,0.4136429608127721,0.38900700842586033,0.4536333802156587
0.46163457978526473,0.34404255319148935,0.3358319327731092,0.43855263157894736,0.3379140239605356,0.3797029702970297,0.4086337993622762,0.3735758106923751,0.42120149788861444,0.3575
0.44583333333333336,0.33079973562458687,0.29664741336012057,0.36139455782312924,0.3539481351981352,0.3324742268041237,0.4371584699453551,0.3392148372663636,0.389976912666189,0.3431248069729934
0.361627486437613,0.4768009768009768,0.3902821931786962,0.38,0.37841645533953233,0.33729281767955804,0.42018072289156627,0.42995689655172414,0.4011220196353436,0.37238532110091743
0.38902839482325674,0.3606084637012472,0.41135802469135796,0.3821522309711286,0.47487772343263673,0.3820012875931206,0.39355552822531054,0.38322580645161297,0.4161907540956271,0.40847410689559677
0.39564615080150406,0.38596491228070173,0.44476744186046513,0.32101910828025476,0.39991972707204493,0.3781848393733186,0.41723356009070295,0.3434737850981506,0.4070843246100978,0.3992987606001305
0.3658499697519661,0.2983703703703704,0.35707725652988503,0.40243902439024387,0.32866492146596865,0.38058267063656576,0.2953846153846154,0.38278817860036674,0.40367540780507943,0.3743736348451754
0.3840877914951989,0.29808521649128866,0.4780714218054372,0.3969567959634185,0.4329004329004329,0.36829801674081897,0.4231448020842088,0.33007194244604315,0.4097253674805451,0.416625
0.3938669852648347,0.3574594843788787,0.33566904729820773,0.3459302325581396,0.3784219001610306,0.36451174243816387,0.37452380952380954,0.4501428571428572,0.3738934733683421,0.38622203064383404
0.5138760407030527,0.40118731448211215,0.35954773869346734,0.3902439024390244,0.3781557174174387,0.38415849322027273,0.31774690867478306,0.4056382978723404,0.4197201865423051,0.3620444303897542
0.3913614649681529,0.38401908169350035,0.4176646706586827,0.41555555555555557,0.427671878346541,0.4274434111247587,0.43166709833376493,0.44405716277448587,0.3753734061930783,0.36775780510879846
0.39493670886075954,0.3609465317919075,0.42818911685994643,0.38680728667305847,0.3718163794418179,0.3941923487755667,0.29878787878787877,0.394786606844896,0.38216560509554137,0.4029047875201721
0.42961711711711714,0.39362447935997363,0.3870509277536518,0.3734085648148148,0.41899932953402613,0.3989429175475687,0.36517328825021134,0.3197185351031505,0.3716814159292035,0.4129877645502646
0.418682199991558,0.3327032136105861,0.37842911877394636,0.4329411764705882,0.3682092555331992,0.3798876404494382,0.38287058109543315,0.38143939393939397,0.40700831494994066,0.318649373881932
0.3988150655945832,0.4161111111111111,0.4554693274205469,0.3948149614090639,0.40554187192118224,0.40099486521181,0.4253393665158371,0.38279693486590033,0.4071289334447229,0.4002060875079264
0.4466738486399138,0.435374149659864,0.3463487226729972,0.43037265340431496,0.42458100558659223,0.41464052287581693,0.45141065830721,0.43749999999999994,0.41809885282954495,0.3524379811804962
0.41330678612908583,0.43742155280616823,0.44822485207100593,0.4370682694895487,0.40397350993377484,0.3844675124951942,0.3839800529842605,0.40737704918032785,0.43428258488499455,0.38159954189730866
0.3263888888888889,0.36099029775844765,0.42016135809731914,0.384840858623242,0.39282758620689656,0.3832528180354267,0.42488755622188906,0.3416253207869974,0.3905660377358491,0.3645121951219512
0.3734563253012049,0.35957278481012656,0.3461538461538462,0.3874595006670478,0.4152684563758389,0.4011152118100128,0.3926350445067675,0.4340955806783145,0.3837837837837838,0.3375182481751825
0.45571095571095577,0.39782058168981654,0.4113247863247863,0.3390468508435841,0.4508670520231214,0.3867706414828167,0.36337209302325585,0.41620323559150657,0.3098138430784607,0.40355392156862746
0.39999999999999997,0.40240384615384617,0.4607760635811126,0.45785270629991126,0.38243978243978244,0.4211918806384455,0.413497954855325,0.44960560911481157,0.4120107962213226,0.40899550224887554
0.4216141001855288,0.44419964028776976,0.4226987221139268,0.34446052087639517,0.3446611980423244,0.39677033492822966,0.3199683981828955,0.35344827586206895,0.3341499265066144,0.39452830188679244
0.3993055555555556,0.410958904109589,0.39083020637898686,0.48484848484848486,0.3515848136537792,0.45197132616487457,0.3443812185950551,0.44498910675381265,0.38486453530465264,0.3753840245775729
0.4370923854360126,0.38742156719684806,0.4015923566878981,0.4269304682040531,0.43419148282970044,0.36979648473635524,0.4230786962334609,0.40644490644490644,0.4293939393939394,0.4518411028478142
0.4116456741689036,0.39614355027605824,0.4089052287581699,0.3362435110901368,0.36017316017316015,0.44142882947976875,0.4467693117515462,0.3347061778001005,0.44010206822455017,0.3728392272059654
0.3415623470172739,0.38612140871177014,0.44197467045748257,0.37729908864954437,0.3774186117936118,0.4254919537286037,0.4172745841844178,0.44090630740967546,0.36112605343374576,0.3826429980276134
0.4176025487853445,0.3808755760368664,0.3766177398989899,0.40633663366336636,0.3772171856523453,0.3321342119419043,0.3847883245055825,0.4337412132257224,0.3673755802655727,0.4366609294320138
0.39205882352941174,0.4132494758909853,0.37161820936440376,0.2777120315581854,0.3810160427807487,0.4256664388243335,0.40260736196319014,0.32897940382970325,0.42479979979979976,0.40713188323764854
0.4295302013422819,0.4088435087127126,0.37564302861715504,0.44021739130434784,0.3072169499006842,0.4096415125225078,0.3268768280792981,0.33237456056248005,0.38171140939597314,0.33366820708592854
0.4263602251407129,0.43185654008438823,0.3527851458885941,0.3958130871396177,0.38803013826316607,0.46451612903225814,0.39567550505050497,0.43179567585410134,0.43265624999999996,0.35475000000000007
0.41981132075471694,0.4343482604352169,0.4244574672649025,0.3778097328388708,0.3487288747652752,0.429486901926824,0.3707757860711137,0.3732352941176471,0.42153575320647163,0.346362687086669
0.3729050279329609,0.3470960638590696,0.4206110154905335,0.3664223850766156,0.4304054054054054,0.43297069661344095,0.36246366279069764,0.3802912753504831,0.424015009380863,0.3959267122749076
0.3297937512762916,0.3635204081632653,0.37604,0.44410620666328426,0.3937301587301587,0.40030181486041055,0.26134920634920633,0.4054664194146577,0.3938606847697757,0.4255129348795718
0.41142857142857137,0.3690344062153163,0.38503787878787876,0.35920185974428515,0.4037716039412049,0.3993668381480016,0.4052502050861362,0.4380943501771397,0.43843113408330797,0.3747767450337161
0.3325513196480938,0.33217061989236596,0.35076124567474054,0.3938709677419355,0.318164188752424,0.38475177304964536,0.40162450457503546,0.41989164086687303,0.40835683158164576,0.4233978494623656
0.36135895676046675,0.39213779128672743,0.41577534751432116,0.3639344262295082,0.3887109375,0.3763440860215054,0.3314594594594595,0.3952941176470589,0.44125512569085396,0.43251082251082246
0.41421578709226275,0.36131306455166334,0.4012449799196787,0.45,0.3836557441768654,0.3942768199233717,0.34274193548387094,0.40687923034353585,0.3638222717977319,0.41567901234567906
0.3725402504472272,0.3764705882352941,0.31256830601092894,0.42940793754066364,0.45151685393258423,0.4056678557273088,0.4095860566448802,0.4191167165816003,0.42817476521028985,0.3972712680577849
0.4043610710277377,0.39945886114869017,0.29961482024944974,0.33234734122127024,0.38974358974358975,0.3548144163528779,0.32137637837119704,0.40778260869565214,0.3764705882352941,0.3527303233679073
0.41893590280687054,0.3724581339712919,0.367798353909465,0.4211595561806532,0.3681636282792352,0.3483142037302726,0.36891233766233766,0.39741653418124007,0.4281225451688924,0.3540729635182408
0.3879636937647987,0.41117189749496114,0.4440816326530612,0.4297204301075269,0.3816091954022989,0.45292207792207795,0.39078401042090694,0.3896001264422317,0.3666470415072122,0.3570621468926553
0.3637811398020703,0.3830079316656498,0.4274948240165632,0.4168453555193413,0.3502994011976048,0.43218390804597695,0.3661538461538462,0.32237649338069096,0.41936591016345615,0.38999525841631105
0.3628707300250481,0.28283783783783784,0.3445663010967099,0.3654372089585336,0.37932564330079854,0.4473118279569892,0.43855421686746987,0.4418947933440687,0.4055059523809524,0.41772151898734183
0.3182894736842105,0.42648515917804675,0.42952685581356703,0.46084753569783504,0.418120011823825,0.468870523415978,0.44949677212398254,0.39098646469948634,0.4483947034282605,0.3052469135802469
0.4015215553677092,0.41135802469135807,0.38469028537188227,0.4246147260273973,0.3816152784169351,0.3216844998527535,0.4503851177874871,0.44864216187386113,0.37206831119544587,0.35676885855631385
0.4083435582822086,0.3179332273449921,0.4343629343629344,0.3921568627450981,0.40671289000945476,0.3172043010752688,0.3522267206477733,0.38457936631808964,0.32953340402969244,0.41929662581836497
0.38019578313253005,0.41234537048606773,0.44989185291997114,0.3816428571428572,0.36316758747697975,0.4763062547673532,0.46094674556213017,0.3827969475779695,0.39616939440323407,0.37782158317872605
0.3821383647798742,0.35719440034637034,0.3779704232534421,0.46299894030377964,0.39504347826086955,0.4116279069767442,0.34855940664669804,0.471185640056684,0.3575664397100813,0.3958130871396177
0.38507661558960693,0.41135802469135807,0.34452333356310744,0.3270676691729323,0.4305816135084428,0.3592814371257485,0.41318998716302957,0.37743589743589745,0.38552872738863647,0.4146937399949448
0.39934604475260005,0.33728773345083557,0.4179283826003365,0.39401990720545665,0.4024196504949285,0.4373381785146491,0.4129373810902473,0.37121398670278255,0.3412551440329218,0.3708488516449411
0.3950617283950617,0.3803439803439803,0.4088921282798834,0.439329268292683,0.400925445424667,0.41303266456640686,0.36446216904841033,0.3685545224006762,0.3519187935881988,0.39681767955801106
0.39835341365461846,0.4442641424385846,0.3957051608605353,0.3446470482036469,0.34389584868582657,0.4440415435580625,0.38701207771748647,0.41039671682626544,0.3755685510071475,0.44332449160035364
0.4109250260326276,0.2333333333333333,0.42192387904066736,0.35737704918032787,0.39895424836601306,0.4330166477817484,0.40942928039702237,0.3395061728395062,0.33616298811545,0.42417346500644054
0.4791913214990138,0.3392314372557534,0.4209830866807611,0.38276620958185203,0.3840384390015235,0.3741478563853962,0.367382984986753,0.4424183411525184,0.3729368340413678,0.31935051782155577
0.308953341740227,0.3699202287778447,0.35333822450476887,0.36616867824551075,0.289079754601227,0.41438758389261743,0.34048982747109874,0.31906150583244963,0.39946524064171124,0.418109243697479
0.34868543725526757,0.3411812738160043,0.372289156626506,0.3645751487260074,0.3693145161290323,0.4383984375,0.3807200413986841,0.49570826097742493,0.4304635761589404,0.37305699481865284
0.40214532303139905,0.39589419660481645,0.3763953488372093,0.3769679946780989,0.39045417140170063,0.3879464285714286,0.3787833383278394,0.4561544650040225,0.43486625705951715,0.41361366402282934
0.39532699307267816,0.383162278744608,0.3484444444444445,0.39048219350772145,0.3625877080195437,0.46575040747103646,0.3972501734906315,0.40816659861167826,0.38262328845493726,0.34090444035195416
0.36820768401086024,0.3812447241194075,0.39499999999999996,0.4003367003367003,0.44014488912448096,0.4444444444444444,0.3572747939755613,0.39970930232558144,0.36801605888256944,0.4006410256410256
0.4329896907216495,0.42150537634408597,0.2975,0.3678178963893249,0.42631860299358515,0.3919406575781876,0.34340813464235626,0.37773706184483224,0.3938178720988005,0.3777694610778443
0.401899890390939,0.38971572564768875,0.33041666666666664,0.3929983060417843,0.43012987012987014,0.4032705099778271,0.3931958274063537,0.33415233415233414,0.4330166477817485,0.37109375
0.41560806057847477,0.37878787878787873,0.4185185185185185,0.37175760286225407,0.4331041776837652,0.33286885245901643,0.30675187552097805,0.40444129459012523,0.3899641577060932,0.3769798136645963
0.3567753001715266,0.3574126692294835,0.4110986686574592,0.37581699346405234,0.4091333847966522,0.3331973344213246,0.35734543391945545,0.3221739130434782,0.43612757058208435,0.433808641709387
0.3898845081640781,0.4045221983825714,0.42926914355485785,0.39932885906040266,0.34127471891833266,0.39120667522464697,0.37044415797492086,0.42823958851833416,0.36122167789344767,0.35537190082644626
0.37157534246575347,0.39097271369033576,0.3949766166747299,0.37034627340417836,0.38264811872747706,0.3423021582733813,0.3843370681605976,0.41407222914072234,0.4020757020757021,0.3455861973392461
0.3798561151079136,0.4322602857634705,0.40690104166666663,0.4098865877712031,0.4284813849903354,0.435386654127303,0.3540495867768595,0.41811846689895465,0.464822695035461,0.3800782778864971
0.35555555555555557,0.36825817860300614,0.39740259740259737,0.3841927303465766,0.3530172413793103,0.3905597326649958,0.3475432525951557,0.3865546218487395,0.4691840277777778,0.4530414746543779
0.4433827042522695,0.31114024409276775,0.435050505050505,0.41101973684210524,0.3763953488372093,0.4093649935542895,0.38361939174947307,0.38306138306138304,0.40344622697563876,0.36360977036712006
0.3308107054696635,0.355049786628734,0.43159922928709055,0.37909463148316647,0.3991769547325103,0.38218938362823257,0.4359925788497217,0.35296174557661375,0.41005263157894734,0.38755479691197575
0.43747931148626285,0.3858879808650588,0.3642379468506005,0.37878143955492016,0.35253286072958206,0.3434146341463415,0.35041386083052756,0.4227027027027027,0.4068267189286297,0.3607041587901701
0.40334065934065927,0.3836293436293436,0.3621993127147766,0.4057700290577003,0.3394874621107743,0.37523452157598497,0.3532516172965612,0.39313517338995047,0.472361070273449,0.4133565044687189
0.4245859872611465,0.3311903370348724,0.3774671052631579,0.40183330641253434,0.39381591562799617,0.40645161290322585,0.37783927130174105,0.40534728984096074,0.433129904097646,0.39199999999999996
0.36173436260010106,0.3919748229740362,0.423841059602649,0.40666562353309343,0.4256664388243335,0.376232741617357,0.29634615384615387,0.3593456593962155,0.412987012987013,0.2664473684210526
0.3704616084287122,0.39164531407717984,0.4420368364030336,0.26850574712643677,0.3879574970484061,0.38756218905472634,0.379046967624259,0.4108043788672061,0.4444,0.4093804284887087
0.41414609486898646,0.3719806763285024,0.45187793427230044,0.38979860718991155,0.4343338780424874,0.38925833202941634,0.4238805970149253,0.4109126984126984,0.37401911827650164,0.3796844181459566
0.38634419472742826,0.3811374072765807,0.38306676215484997,0.4215608986992511,0.38211764705882356,0.39637438423645316,0.35400840769968284,0.35287267080745344,0.43043478260869567,0.3410395703438484
0.37947292069632493,0.4056559602959078,0.33373996789727123,0.36394776279169344,0.3824696545284781,0.34552609067579126,0.40205303678357573,0.40581380985712523,0.34694147179283924,0.37152118912080956
0.3874203494347379,0.4192754919499105,0.4181506849315068,0.38726993865030673,0.4403453689167975,0.4371445547916136,0.3575058569111551,0.3314697242490287,0.3845864661654135,0.4060546875
0.42765957446808506,0.43404107205012177,0.4018714205049609,0.43235655378136517,0.37348272642390296,0.3741721854304636,0.37236011938494085,0.3589595375722543,0.4028183885640026,0.4095061728395062
0.3334989236628581,0.34984163547365393,0.3166287745364885,0.3684410069760388,0.4054585689697565,0.4219261444838874,0.41513817559305455,0.40808080808080804,0.39958023894091055,0.40061750671638796
0.3753545305269443,0.474114960030453,0.3949132572217933,0.43394560226068524,0.41839962880161974,0.4467084639498432,0.38415849322027273,0.41593750000000007,0.3658064516129032,0.3615454711135411
0.38257575757575757,0.4799376704324114,0.37311183799478115,0.4988662131519275,0.33382471187349233,0.3704656547465912,0.375,0.35762862211709046,0.4191067731440402,0.40107458912768645
0.3813984610237538,0.3595505617977528,0.36596947427925386,0.38810349426513735,0.3715318772136954,0.37180249851279,0.3312273154993951,0.4350606970369404,0.4359560439560439,0.3484038243396532
0.35373608903020665,0.4287640449438202,0.36865252420725847,0.3694581280788177,0.37387116195063214,0.3939133156000626,0.35076923076923083,0.39795918367346933,0.3527027027027027,0.4024296016483517
0.3863093341828608,0.359107256187857,0.3819244253992988,0.4035714285714286,0.3697905100303502,0.44963543073183904,0.3834691413912781,0.41882062872405995,0.34200350211586167,0.40755988023952094
0.3299172250689791,0.38972929936305734,0.3973673385438091,0.36944444444444446,0.40830080131497837,0.31897271268057786,0.4240302181478653,0.3569230769230769,0.41121378621378624,0.4229478575116159
0.36003709516336135,0.43336379062785535,0.42454481792717086,0.385722169662567,0.35685854255970606,0.4037235096058626,0.43894030121575034,0.3933516915814319,0.3679332373250619,0.43159733106443954
0.3438782731776362,0.43990002272210865,0.4204805491990847,0.37520743445071353,0.36608108108108106,0.37455857515737756,0.3511896760317247,0.40687812245846405,0.34849877450980393,0.39463087248322143
0.4285217391304348,0.348040313549832,0.39263803680981596,0.3994886545222116,0.4404924760601916,0.30651148159798675,0.3856792239666524,0.41468327372877867,0.40813326800587946,0.3808732795443759
0.39225806451612905,0.38872713699141465,0.333400974025974,0.3303225806451613,0.36418793932667404,0.41558441558441556,0.2973643318192685,0.3873405762871989,0.3499999999999999,0.4734426229508197
0.3856534954407295,0.3879686137750654,0.38652984194385465,0.4393316420260695,0.45567073170731703,0.4000242954324587,0.40997457140513494,0.44815789473684214,0.3674093024908503,0.39890688582143147
0.3946079391825698,0.3315643426985778,0.37330981775426225,0.3368083400160385,0.4195804195804196,0.3901639344262295,0.40147650450002076,0.3955056179775281,0.4240736774469907,0.34030521869464503
0.3388322400467623,0.34072759538598046,0.3064864864864865,0.4161681691802174,0.4046981499513145,0.3796483352038908,0.3977272727272727,0.40308796258969604,0.43014705882352944,0.4406995230524643
0.4460560479899722,0.37435398097520783,0.38656114214773435,0.3794871794871795,0.41317365269461076,0.421740233384069,0.4434645669291339,0.4098556209123442,0.419549130958527,0.3468601065320998
0.37603499453210437,0.36579545454545453,0.4185055482891017,0.3302606799484587,0.435263756451754,0.4128351830150962,0.34524061156908337,0.40874178478105944,0.4013265306122449,0.32183908045977017
0.3584375,0.3823076923076923,0.34415539368713144,0.4074404382723914,0.3931914893617021,0.4017289600813628,0.3913402548371874,0.38636453201970444,0.41415244978569626,0.4081976891287846
0.4162625718390805,0.36944444444444446,0.40828909759085336,0.4086021505376344,0.38213114754098365,0.37847222222222227,0.3369399573300823,0.38539615209816697,0.3742140718562874,0.33088235294117646
0.4486746130581747,0.4553076402974983,0.3261176470588235,0.41185808056973705,0.3810013717421125,0.4257884972170687,0.4445554445554446,0.3903376997956976,0.3797640653357532,0.429553264604811
0.32187938288920054,0.37650602409638556,0.40131578947368424,0.43211442568454206,0.43932125088841506,0.4275086191253856,0.40711348387562224,0.37087571322252544,0.4206106870229007,0.4160246533127889
0.39737654320987653,0.3812632857576678,0.36147827006450245,0.40580357142857143,0.40665342601787485,0.41739130434782606,0.348825279573202,0.39955555555555555,0.4023529411764706,0.39228409627182637
0.4075255623721882,0.4304000694263647,0.3384657310260254,0.40023310023310027,0.3484609727912596,0.35115167318557156,0.37677304964539005,0.357277694982613,0.43776843235504653,0.38914045281506715
0.35460992907801414,0.42260656883298386,0.3676037680306153,0.39357218124341414,0.3971212836243511,0.34468636953109005,0.41151260504201675,0.40025990903183883,0.4235738255033557,0.3483483483483483
0.3704777839747165,0.41474073451550547,0.3636672325976231,0.35443037974683544,0.40993788819875776,0.40705369858423385,0.3144186046511628,0.31341034655951777,0.4136627282491944,0.3660377358490566
0.36011589286976187,0.43363636363636365,0.4001606425702811,0.4525274725274725,0.3558478492712407,0.41389504804138955,0.40567951318458423,0.46485036702428,0.38761238761238764,0.3864734299516908
0.3353741496598639,0.42808475280432073,0.34740304709141273,0.37492,0.41650889814464215,0.40740740740740744,0.4108033932135729,0.4158004158004158,0.388823297914207,0.3855550465719957
0.3328625235404896,0.37493703258805755,0.38605545436146527,0.3750915750915751,0.3829787234042553,0.3871068203052009,0.41273584905660377,0.37190082644628103,0.4141168580769553,0.3509260548670101
0.36796855809383444,0.3833333333333333,0.4255473828258639,0.3818413729128015,0.4133986928104575,0.35175675675675677,0.3700166112956811,0.3629137630662021,0.3144886363636364,0.367816091954023
0.33065810593900485,0.37926093514328807,0.37187288708586885,0.4025595064404519,0.35795595588496043,0.4154280747501086,0.36538461538461536,0.36784190433415676,0.37088678192972674,0.34144692359702505
0.3332749868720462,0.44618644067796615,0.35174418604651164,0.43602164615518896,0.4075670498084291,0.4089611245332747,0.3968253968253968,0.3368999705507019,0.4422654120130156,0.3222548061257739
0.4641975308641975,0.4189838220424671,0.4073078333129659,0.4204129204129204,0.3854797979797979,0.41935483870967744,0.41576086956521746,0.36749224821038934,0.41248524203069653,0.40084489080184915
0.46617207913400527,0.3907692307692308,0.4302165310568672,0.4461524869688135,0.3572875226039783,0.4039760813854159,0.4118145605559793,0.40336134453781514,0.43471629042098836,0.4259764625618285
